{"cameraMode":{"drawMode":0,"name":"Shaded","section":"Shading Mode"},"sceneLighting":true,"audioPlay":false,"sceneViewState":{"m_AlwaysRefresh":false,"showFog":true,"showSkybox":true,"showFlares":true,"showImageEffects":true,"showParticleSystems":true,"showVisualEffectGraphs":true,"m_FxEnabled":true},"in2DMode":false,"pivot":{"x":3.8674135208129885,"y":9.400445938110352,"z":-6.930955410003662},"rotation":{"x":0.45509064197540285,"y":-0.21126781404018403,"z":0.11209460347890854,"w":0.8577272295951843},"size":0.32312026619911196,"orthographic":false}